{
  "amm_network": {
    "level0": {
      "size_bytes": 10181600269,
      "size_kb": 9942969.012695312,
      "size_mb": 9709.930676460266,
      "total_files": 81
    },
    "level1": {
      "size_bytes": 4263936,
      "size_kb": 4164.0,
      "size_mb": 4.06640625,
      "total_files": 2
    },
    "level2": {
      "size_bytes": 2355870,
      "size_kb": 2300.654296875,
      "size_mb": 2.246732711791992,
      "total_files": 1
    }
  },
  "catastro": {
    "level0": {
      "size_bytes": 16571966419,
      "size_kb": 16183560.956054688,
      "size_mb": 15804.258746147156,
      "total_files": 203
    },
    "level1": {
      "size_bytes": 198567091,
      "size_kb": 193913.1748046875,
      "size_mb": 189.36833477020264,
      "total_files": 29
    },
    "level2": {
      "size_bytes": 26620148,
      "size_kb": 25996.23828125,
      "size_mb": 25.386951446533203,
      "total_files": 1
    }
  },
  "edm2018": {
    "level0": {
      "size_bytes": 73766117,
      "size_kb": 72037.2236328125,
      "size_mb": 70.34885120391846,
      "total_files": 5
    },
    "level1": {
      "size_bytes": 320963987,
      "size_kb": 313441.3935546875,
      "size_mb": 306.0951108932495,
      "total_files": 3
    }
  },
  "edm_geo": {
    "level0": {
      "size_bytes": 23142026,
      "size_kb": 22599.634765625,
      "size_mb": 22.069955825805664,
      "total_files": 1
    },
    "level1": {
      "size_bytes": 0,
      "size_kb": 0.0,
      "size_mb": 0.0,
      "total_files": 0
    },
    "level2": {
      "size_bytes": 19586263,
      "size_kb": 19127.2099609375,
      "size_mb": 18.678915977478027,
      "total_files": 1
    }
  },
  "ine_adrh": {
    "level0": {
      "size_bytes": 496280927,
      "size_kb": 484649.3427734375,
      "size_mb": 473.29037380218506,
      "total_files": 2
    },
    "level1": {
      "size_bytes": 260713182,
      "size_kb": 254602.716796875,
      "size_mb": 248.63546562194824,
      "total_files": 2
    },
    "level2": {
      "size_bytes": 41662,
      "size_kb": 40.685546875,
      "size_mb": 0.03973197937011719,
      "total_files": 1
    }
  },
  "ine_geo": {
    "level0": {
      "size_bytes": 119542279,
      "size_kb": 116740.5068359375,
      "size_mb": 114.00440120697021,
      "total_files": 19
    },
    "level1": {
      "size_bytes": 311029760,
      "size_kb": 303740.0,
      "size_mb": 296.62109375,
      "total_files": 1
    },
    "level2": {
      "size_bytes": 558294680,
      "size_kb": 545209.6484375,
      "size_mb": 532.4312973022461,
      "total_files": 1
    }
  },
  "ine_mobility": {
    "level0": {
      "size_bytes": 1247239609,
      "size_kb": 1218007.4306640625,
      "size_mb": 1189.4603815078735,
      "total_files": 1224
    },
    "level1": {
      "size_bytes": 2614636543,
      "size_kb": 2553355.9990234375,
      "size_mb": 2493.5117177963257,
      "total_files": 2
    }
  },
  "osm": {
    "level0": {
      "size_bytes": 397556,
      "size_kb": 388.23828125,
      "size_mb": 0.3791389465332031,
      "total_files": 2
    },
    "level2": {
      "size_bytes": 44763,
      "size_kb": 43.7138671875,
      "size_mb": 0.04268932342529297,
      "total_files": 1
    }
  }
}