{
  "osm": {
    "level1": 0.4642038345336914,
    "gather": 7.574000835418701,
    "level0": 0.30710911750793457,
    "persist": 0.4394376277923584
  },
  "catastro": {
    "level1": 4.890248537063599,
    "gather": 99.76878547668457,
    "level0": 52.867122173309326,
    "persist": 2.259115219116211
  },
  "amm_network": {
    "level1": 1.8881499767303467,
    "persist": 1.7696821689605713
  }
}