{
  "osm": {
    "level1": 0.4642038345336914,
    "gather": 7.574000835418701,
    "level0": 0.30710911750793457,
    "persist": 1.4290733337402344
  },
  "catastro": {
    "level1": 4.890248537063599,
    "gather": 99.76878547668457,
    "level0": 52.867122173309326,
    "persist": 1.9973702430725098
  },
  "amm_network": {
    "level1": 3.7017178535461426,
    "persist": 0.6688632965087891
  },
  "ine_geo": {
    "level0": 76.38619685173035,
    "gather": 33.24644613265991,
    "level1": 58.09893250465393,
    "persist": 161.7131531238556
  },
  "ine_adrh": {
    "gather": 268.86041474342346,
    "level0": 23.525294542312622,
    "level1": 144.67773699760437,
    "persist": 0.19449710845947266
  }
}