{
  "osm": {
    "level1": 0.3133997917175293,
    "gather": 2.3997867107391357,
    "level0": 0.30710911750793457,
    "persist": 0.33001089096069336
  },
  "catastro": {
    "level1": 4.890248537063599,
    "gather": 99.76878547668457,
    "level0": 52.867122173309326,
    "persist": 1.6353492736816406
  },
  "amm_network": {
    "level1": 1.0664076805114746,
    "persist": 0.47637391090393066
  },
  "ine_geo": {
    "level0": 197.89011645317078,
    "gather": 33.24644613265991,
    "level1": 121.57762360572815,
    "persist": 82.28032612800598
  },
  "ine_adrh": {
    "gather": 268.86041474342346,
    "level0": 23.525294542312622,
    "level1": 144.67773699760437,
    "persist": 0.17413616180419922
  },
  "alcala_network": {
    "construct": 413.9220178127289
  }
}