{
  "osm": {
    "level1": 2.739607572555542,
    "gather": 2.3997867107391357,
    "level0": 0.30710911750793457,
    "persist": 0.43416881561279297
  },
  "catastro": {
    "level1": 7.057726621627808,
    "gather": 99.76878547668457,
    "level0": 26.30341362953186,
    "persist": 2.3618435859680176
  },
  "amm_network": {
    "level1": 1.0664076805114746,
    "persist": 0.47637391090393066
  },
  "ine_geo": {
    "level0": 98.13809895515442,
    "gather": 33.24644613265991,
    "level1": 58.387683629989624,
    "persist": 152.09578037261963
  },
  "ine_adrh": {
    "gather": 268.86041474342346,
    "level0": 23.525294542312622,
    "level1": 144.67773699760437,
    "persist": 0.1854231357574463
  },
  "alcala_network": {
    "construct": 515.7196879386902,
    "reset-database": 0.008046865463256836,
    "persist": 1.5021777153015137,
    "metrics": 41.43012571334839
  },
  "edm_geo": {
    "level1": 6.635896921157837,
    "persist": 2.5723416805267334
  }
}